PLAN_DATE,SIGNAL_DATE,SYMBOL,DIRECTION,SECTOR,SCORE,ENTRY,SL,TARGET,QTY,RISK_RS,GAIN_RS,ATR_PCT,VOL_X,DELIV_PCT,CLOSE,REGIME,REASON,RUN_TS
2026-09-15,2026-09-11,PAYTM,NEWAGE,11,1841.84,1799.97,1925.57,9,376.8,753.59,3.31,2.36,0.0,1807.5,WEAK,20D BREAKOUT | VOL 2.4x | GREEN | STRONG CLOSE | UPTREND+ | RS>NIFTY | ATR SWEET,2026-09-15 04:47:48 IST
2026-09-15,2026-09-11,BLUESTARCO,CONSDUR,10,1566.67,1534.48,1631.05,12,386.31,772.61,2.95,2.91,0.0,1558.0,WEAK,20D BREAKOUT | VOL 2.9x | GREEN | STRONG CLOSE | UPTREND | RS>NIFTY | ATR SWEET,2026-09-15 04:47:48 IST
2026-09-15,2026-09-11,INDUSTOWER,TELECOM,9,391.24,384.54,404.64,59,395.38,790.76,2.47,4.16,0.0,388.0,WEAK,HIGH KE PAAS | VOL 4.2x | GREEN | STRONG CLOSE | UPTREND | RS>NIFTY | ATR SWEET,2026-09-15 04:47:48 IST
2026-09-16,2026-09-15,AADHARHFC,SHORT,FINANCE,11,444.8,453.19,428.03,47,394.27,788.55,2.67,4.67,0.0,448.35,WEAK,20D BREAKDOWN | VOL 4.7x | RED | WEAK CLOSE | DOWNTREND+ | RS<NIFTY | ATR SWEET | WEAK-MKT BIAS,2026-09-16 04:56:24 IST
2026-09-16,2026-09-15,CUMMINSIND,SHORT,CAPGOODS,11,4866.13,4950.16,4698.07,4,336.12,672.24,2.46,3.56,0.0,4871.0,WEAK,20D BREAKDOWN | VOL 3.6x | RED | WEAK CLOSE | DOWNTREND+ | RS<NIFTY | ATR SWEET | WEAK-MKT BIAS,2026-09-16 04:56:24 IST
2026-09-16,2026-09-15,COCHINSHIP,SHORT,CAPGOODS,11,1319.78,1352.19,1254.96,12,388.9,777.79,3.5,2.24,0.0,1324.05,WEAK,20D BREAKDOWN | VOL 2.2x | RED | WEAK CLOSE | DOWNTREND+ | RS<NIFTY | ATR SWEET | WEAK-MKT BIAS,2026-09-16 04:56:24 IST
2026-09-16,2026-09-15,ZENTEC,SHORT,CAPGOODS,11,1629.92,1677.22,1535.32,8,378.4,756.81,4.12,2.01,0.0,1638.25,WEAK,20D BREAKDOWN | VOL 2.0x | RED | WEAK CLOSE | DOWNTREND+ | RS<NIFTY | ATR SWEET | WEAK-MKT BIAS,2026-09-16 04:56:24 IST
2026-09-16,2026-09-15,ICICIGI,SHORT,FINANCE,11,1422.53,1446.13,1375.33,16,377.6,755.2,2.35,1.91,0.0,1433.55,WEAK,20D BREAKDOWN | VOL 1.9x | RED | WEAK CLOSE | DOWNTREND+ | RS<NIFTY | ATR SWEET | WEAK-MKT BIAS,2026-09-16 04:56:24 IST
2026-09-16,2026-09-15,FSL,LONG,SERVICES,10,292.44,284.52,308.29,50,396.11,792.21,3.99,24.31,0.0,283.95,WEAK,20D BREAKOUT | VOL 24.3x | GREEN | STRONG CLOSE | UPTREND | RS>NIFTY | ATR SWEET,2026-09-16 04:56:24 IST
2026-09-16,2026-09-15,HEROMOTOCO,SHORT,AUTO,10,5175.82,5259.17,5009.12,4,333.4,666.8,2.3,3.06,0.0,5181.0,WEAK,LOW KE PAAS | VOL 3.1x | RED | WEAK CLOSE | DOWNTREND+ | RS<NIFTY | ATR SWEET,2026-09-16 04:56:24 IST
2026-09-16,2026-09-15,SRF,SHORT,CHEM,10,2445.6,2478.6,2379.61,12,395.92,791.85,1.92,2.95,0.0,2454.0,WEAK,20D BREAKDOWN | VOL 3.0x | RED | WEAK CLOSE | DOWNTREND+ | ATR SWEET,2026-09-16 04:56:24 IST
2026-09-16,2026-09-15,MOTHERSON,SHORT,AUTO,10,157.94,160.9,152.02,135,399.54,799.07,2.67,2.7,0.0,158.1,WEAK,20D BREAKDOWN | VOL 2.7x | RED | WEAK CLOSE | DOWNTREND+ | ATR SWEET,2026-09-16 04:56:24 IST
2026-09-16,2026-09-15,ULTRACEMCO,SHORT,CEMENT,10,10717.47,10868.24,10415.93,2,301.54,603.09,2.0,2.61,0.0,10750.0,WEAK,20D BREAKDOWN | VOL 2.6x | RED | WEAK CLOSE | DOWNTREND+ | ATR SWEET,2026-09-16 04:56:24 IST
2026-09-17,2026-09-16,AIAENG,SHORT,CAPGOODS,12,3774.22,3856.44,3609.78,4,328.88,657.75,3.09,3.43,62.3,3805.8,WEAK,20D BREAKDOWN | VOL 3.4x | RED | WEAK CLOSE | DOWNTREND+ | RS<NIFTY | ATR SWEET | DELIV 62% | WEAK-MKT BIAS,2026-09-16 23:48:19 IST
2026-09-17,2026-09-16,PREMIERENE,SHORT,CAPGOODS,12,887.21,907.6,846.45,19,387.28,774.56,3.24,3.41,40.8,899.0,WEAK,20D BREAKDOWN | VOL 3.4x | RED | WEAK CLOSE | DOWNTREND+ | RS<NIFTY | ATR SWEET | DELIV 41% | WEAK-MKT BIAS,2026-09-16 23:48:19 IST
2026-09-17,2026-09-16,GALLANTT,SHORT,CAPGOODS,12,520.98,534.29,494.35,30,399.36,798.73,3.62,2.32,55.7,524.95,WEAK,20D BREAKDOWN | VOL 2.3x | RED | WEAK CLOSE | DOWNTREND+ | RS<NIFTY | ATR SWEET | DELIV 56% | WEAK-MKT BIAS,2026-09-16 23:48:19 IST
2026-09-17,2026-09-16,NLCINDIA,SHORT,POWER,11,254.05,259.1,243.94,79,399.36,798.71,2.83,2.15,63.8,255.35,WEAK,20D BREAKDOWN | VOL 2.2x | RED | WEAK CLOSE | DOWNTREND+ | ATR SWEET | DELIV 64% | WEAK-MKT BIAS,2026-09-16 23:48:19 IST
2026-09-17,2026-09-16,IRCTC,SHORT,CONSSVC,11,446.05,451.37,435.42,75,398.73,797.46,1.68,1.95,41.8,452.95,WEAK,20D BREAKDOWN | VOL 1.9x | RED | DOWNTREND+ | RS<NIFTY | ATR SWEET | DELIV 42% | WEAK-MKT BIAS,2026-09-16 23:48:19 IST
2026-09-17,2026-09-16,ABDL,LONG,FMCG,12,655.65,639.92,687.12,25,393.27,786.54,3.47,4.42,43.2,647.55,WEAK,20D BREAKOUT | VOL 4.4x | GREEN | STRONG CLOSE | UPTREND+ | RS>NIFTY | ATR SWEET | DELIV 43%,2026-09-16 23:48:19 IST
2026-09-17,2026-09-16,SONACOMS,SHORT,AUTO,11,766.23,780.86,736.99,27,394.84,789.69,2.72,1.71,50.7,768.0,WEAK,20D BREAKDOWN | VOL 1.7x | RED | WEAK CLOSE | DOWNTREND+ | RS<NIFTY | ATR SWEET | DELIV 51%,2026-09-16 23:48:19 IST
2026-09-17,2026-09-16,PATANJALI,LONG,FMCG,10,367.77,362.14,379.01,71,399.28,798.56,2.2,15.53,24.2,365.0,WEAK,20D BREAKOUT | VOL 15.5x | GREEN | STRONG CLOSE | UPTREND | RS>NIFTY | ATR SWEET,2026-09-16 23:48:19 IST
2026-09-17,2026-09-16,LATENTVIEW,SHORT,IT,10,250.8,256.66,239.07,68,398.79,797.57,3.32,3.58,17.0,252.15,WEAK,LOW KE PAAS | VOL 3.6x | RED | WEAK CLOSE | DOWNTREND+ | RS<NIFTY | ATR SWEET,2026-09-16 23:48:19 IST
2026-09-17,2026-09-16,APTUS,SHORT,FINANCE,10,235.12,240.26,224.85,77,395.7,791.39,3.06,2.43,61.1,239.91,WEAK,20D BREAKDOWN | VOL 2.4x | RED | DOWNTREND+ | ATR SWEET | DELIV 61%,2026-09-16 23:48:19 IST
2026-09-18,2026-09-17,PNBHOUSING,SHORT,FINANCE,11,1097.3,1120.23,1051.44,17,389.83,779.65,2.97,4.77,49.0,1103.5,WEAK,20D BREAKDOWN | VOL 4.8x | RED | WEAK CLOSE | DOWNTREND+ | ATR SWEET | DELIV 49% | WEAK-MKT BIAS,2026-09-17 23:55:12 IST
2026-09-18,2026-09-17,IRCON,SHORT,INFRA,10,106.69,108.78,102.52,191,398.33,796.65,2.76,1.99,38.2,107.86,WEAK,LOW KE PAAS | VOL 2.0x | RED | WEAK CLOSE | DOWNTREND+ | RS<NIFTY | ATR SWEET | WEAK-MKT BIAS,2026-09-17 23:55:12 IST
2026-09-18,2026-09-17,UBL,SHORT,FMCG,10,1212.29,1233.36,1170.13,18,379.39,758.79,2.47,1.01,54.5,1216.8,WEAK,20D BREAKDOWN | RED | WEAK CLOSE | DOWNTREND+ | RS<NIFTY | ATR SWEET | DELIV 54% | WEAK-MKT BIAS,2026-09-17 23:55:12 IST
2026-09-18,2026-09-17,WAAREEENER,SHORT,CAPGOODS,10,2467.53,2512.54,2377.51,8,360.09,720.18,2.6,0.81,42.9,2473.0,WEAK,20D BREAKDOWN | RED | WEAK CLOSE | DOWNTREND+ | RS<NIFTY | ATR SWEET | DELIV 43% | WEAK-MKT BIAS,2026-09-17 23:55:12 IST
2026-09-18,2026-09-17,ABLBL,SHORT,CONSSVC,9,81.8,83.16,79.07,293,399.14,798.28,2.36,2.29,66.7,82.41,WEAK,LOW KE PAAS | VOL 2.3x | WEAK CLOSE | DOWNTREND+ | ATR SWEET | DELIV 67% | WEAK-MKT BIAS,2026-09-17 23:55:12 IST
2026-09-18,2026-09-17,ACE,LONG,CAPGOODS,12,1214.41,1183.82,1275.6,13,397.74,795.49,3.63,2.38,44.0,1205.6,WEAK,20D BREAKOUT | VOL 2.4x | GREEN | STRONG CLOSE | UPTREND+ | RS>NIFTY | ATR SWEET | DELIV 44%,2026-09-17 23:55:12 IST
2026-09-18,2026-09-17,TEGA,LONG,CAPGOODS,11,1945.94,1887.05,2063.73,6,353.36,706.71,4.38,11.67,14.4,1920.0,WEAK,20D BREAKOUT | VOL 11.7x | GREEN | STRONG CLOSE | UPTREND+ | RS>NIFTY | ATR SWEET,2026-09-17 23:55:12 IST
2026-09-18,2026-09-17,CASTROLIND,LONG,OILGAS,11,193.06,191.32,196.55,229,399.06,798.13,1.3,2.94,56.8,191.72,WEAK,HIGH KE PAAS | VOL 2.9x | GREEN | STRONG CLOSE | UPTREND+ | RS>NIFTY | ATR SWEET | DELIV 57%,2026-09-17 23:55:12 IST
2026-09-18,2026-09-17,PFOCUS,LONG,MEDIA,10,343.24,333.21,363.3,39,391.17,782.35,4.28,5.76,13.2,334.95,WEAK,20D BREAKOUT | VOL 5.8x | GREEN | UPTREND+ | RS>NIFTY | ATR SWEET,2026-09-17 23:55:12 IST
2026-09-18,2026-09-17,AEGISVOPAK,LONG,OILGAS,10,316.32,306.75,335.45,41,392.26,784.52,4.4,4.87,24.0,310.7,WEAK,HIGH KE PAAS | VOL 4.9x | GREEN | STRONG CLOSE | UPTREND+ | RS>NIFTY | ATR SWEET,2026-09-17 23:55:12 IST
2026-09-21,2026-09-18,GODIGIT,SHORT,FINANCE,12,235.56,241.31,224.06,69,396.8,793.6,3.44,17.76,60.5,239.0,WEAK,20D BREAKDOWN | VOL 17.8x | RED | WEAK CLOSE | DOWNTREND+ | RS<NIFTY | ATR SWEET | DELIV 61% | WEAK-MKT BIAS,2026-09-18 23:16:12 IST
2026-09-21,2026-09-18,SYNGENE,SHORT,PHARMA,12,366.28,373.04,352.76,59,398.83,797.67,2.62,5.83,68.2,369.05,WEAK,20D BREAKDOWN | VOL 5.8x | RED | WEAK CLOSE | DOWNTREND+ | RS<NIFTY | ATR SWEET | DELIV 68% | WEAK-MKT BIAS,2026-09-18 23:16:12 IST
2026-09-21,2026-09-18,BAYERCROP,SHORT,CHEM,12,3757.34,3804.75,3662.52,8,379.28,758.56,1.79,5.58,69.3,3779.5,WEAK,20D BREAKDOWN | VOL 5.6x | RED | WEAK CLOSE | DOWNTREND+ | RS<NIFTY | ATR SWEET | DELIV 69% | WEAK-MKT BIAS,2026-09-18 23:16:12 IST
2026-09-21,2026-09-18,ZFCVINDIA,SHORT,AUTO,12,2358.64,2405.86,2264.19,8,377.8,755.59,2.83,3.84,73.5,2387.0,WEAK,20D BREAKDOWN | VOL 3.8x | RED | WEAK CLOSE | DOWNTREND+ | RS<NIFTY | ATR SWEET | DELIV 73% | WEAK-MKT BIAS,2026-09-18 23:16:12 IST
2026-09-21,2026-09-18,KPITTECH,SHORT,IT,12,531.47,542.92,508.56,34,389.35,778.7,3.08,2.68,52.4,532.0,WEAK,20D BREAKDOWN | VOL 2.7x | RED | WEAK CLOSE | DOWNTREND+ | RS<NIFTY | ATR SWEET | DELIV 52% | WEAK-MKT BIAS,2026-09-18 23:16:12 IST
2026-09-21,2026-09-18,ACMESOLAR,LONG,POWER,12,441.14,429.02,465.38,32,387.88,775.76,3.98,5.88,59.0,435.25,WEAK,20D BREAKOUT | VOL 5.9x | GREEN | STRONG CLOSE | UPTREND+ | RS>NIFTY | ATR SWEET | DELIV 59%,2026-09-18 23:16:12 IST
2026-09-21,2026-09-18,CASTROLIND,LONG,OILGAS,12,198.05,196.11,201.92,206,398.73,797.46,1.4,5.15,57.5,197.14,WEAK,20D BREAKOUT | VOL 5.1x | GREEN | STRONG CLOSE | UPTREND+ | RS>NIFTY | ATR SWEET | DELIV 58%,2026-09-18 23:16:12 IST
2026-09-21,2026-09-18,TCS,SHORT,IT,12,2099.1,2147.17,2002.96,8,384.54,769.07,3.26,2.56,57.8,2105.0,WEAK,20D BREAKDOWN | VOL 2.6x | RED | WEAK CLOSE | DOWNTREND+ | RS<NIFTY | ATR SWEET | DELIV 58%,2026-09-18 23:16:12 IST
2026-09-21,2026-09-18,GRAVITA,SHORT,METAL,12,1584.11,1618.63,1515.08,11,379.66,759.32,3.08,2.23,57.4,1598.4,WEAK,20D BREAKDOWN | VOL 2.2x | RED | WEAK CLOSE | DOWNTREND+ | RS<NIFTY | ATR SWEET | DELIV 57%,2026-09-18 23:16:12 IST
2026-09-21,2026-09-18,TATATECH,SHORT,IT,12,715.38,735.54,675.08,19,382.93,765.87,3.99,2.15,42.8,722.45,WEAK,20D BREAKDOWN | VOL 2.2x | RED | WEAK CLOSE | DOWNTREND+ | RS<NIFTY | ATR SWEET | DELIV 43%,2026-09-18 23:16:12 IST
2026-09-22,2026-09-21,OFSS,SHORT,IT,11,10896.39,11137.39,10414.4,1,241.0,481.99,3.15,2.09,0.0,10926.0,WEAK,20D BREAKDOWN | VOL 2.1x | RED | WEAK CLOSE | DOWNTREND+ | RS<NIFTY | ATR SWEET | WEAK-MKT BIAS,2026-09-22 01:08:49 IST
2026-09-22,2026-09-21,TATAELXSI,SHORT,IT,9,3264.73,3324.72,3144.76,6,359.92,719.83,2.61,1.79,0.0,3286.5,WEAK,20D BREAKDOWN | VOL 1.8x | RED | DOWNTREND+ | RS<NIFTY | ATR SWEET | WEAK-MKT BIAS,2026-09-22 01:08:49 IST
2026-09-22,2026-09-21,CANFINHOME,SHORT,FINANCE,9,766.23,777.89,742.91,34,396.48,792.95,2.17,1.55,0.0,769.4,WEAK,LOW KE PAAS | VOL 1.6x | RED | WEAK CLOSE | DOWNTREND+ | RS<NIFTY | ATR SWEET | WEAK-MKT BIAS,2026-09-22 01:08:49 IST
2026-09-22,2026-09-21,ANURAS,SHORT,CHEM,8,1148.95,1167.27,1112.3,21,384.82,769.63,2.25,61.18,0.0,1161.95,WEAK,VOL 61.2x | RED | WEAK CLOSE | DOWNTREND+ | RS<NIFTY | ATR SWEET | WEAK-MKT BIAS,2026-09-22 01:08:49 IST
2026-09-22,2026-09-21,GODREJPROP,SHORT,REALTY,8,1694.8,1737.83,1608.75,9,387.23,774.45,3.62,10.17,0.0,1700.0,WEAK,VOL 10.2x | RED | WEAK CLOSE | DOWNTREND+ | RS<NIFTY | ATR SWEET | WEAK-MKT BIAS,2026-09-22 01:08:49 IST
2026-09-22,2026-09-21,USHAMART,LONG,CAPGOODS,11,542.54,531.4,564.83,35,390.02,780.04,2.98,3.94,0.0,535.05,WEAK,20D BREAKOUT | VOL 3.9x | GREEN | STRONG CLOSE | UPTREND+ | RS>NIFTY | ATR SWEET,2026-09-22 01:08:49 IST
2026-09-22,2026-09-21,JYOTICNC,LONG,CAPGOODS,11,1135.13,1103.08,1199.25,12,384.67,769.34,4.11,3.01,0.0,1113.6,WEAK,20D BREAKOUT | VOL 3.0x | GREEN | STRONG CLOSE | UPTREND+ | RS>NIFTY | ATR SWEET,2026-09-22 01:08:49 IST
2026-09-22,2026-09-21,AEGISLOG,LONG,OILGAS,11,1501.5,1454.85,1594.79,8,373.16,746.32,4.48,2.8,0.0,1486.75,WEAK,20D BREAKOUT | VOL 2.8x | GREEN | STRONG CLOSE | UPTREND+ | RS>NIFTY | ATR SWEET,2026-09-22 01:08:49 IST
2026-09-22,2026-09-21,PFOCUS,LONG,MEDIA,11,355.51,345.32,375.88,39,397.22,794.44,4.13,2.29,0.0,352.35,WEAK,20D BREAKOUT | VOL 2.3x | GREEN | STRONG CLOSE | UPTREND+ | RS>NIFTY | ATR SWEET,2026-09-22 01:08:49 IST
2026-09-22,2026-09-21,AEGISVOPAK,LONG,OILGAS,11,321.27,312.01,339.8,43,398.27,796.55,4.16,2.19,0.0,318.3,WEAK,20D BREAKOUT | VOL 2.2x | GREEN | STRONG CLOSE | UPTREND+ | RS>NIFTY | ATR SWEET,2026-09-22 01:08:49 IST
2026-09-23,2026-09-22,CONCOR,SHORT,SERVICES,12,466.23,475.47,447.77,43,397.01,794.02,2.82,2.39,44.6,467.0,WEAK,20D BREAKDOWN | VOL 2.4x | RED | WEAK CLOSE | DOWNTREND+ | RS<NIFTY | ATR SWEET | DELIV 45% | WEAK-MKT BIAS,2026-09-22 23:41:57 IST
2026-09-23,2026-09-22,TATAELXSI,SHORT,IT,11,3196.8,3256.11,3078.19,6,355.83,711.66,2.63,2.77,30.6,3220.0,WEAK,20D BREAKDOWN | VOL 2.8x | RED | WEAK CLOSE | DOWNTREND+ | RS<NIFTY | ATR SWEET | WEAK-MKT BIAS,2026-09-22 23:41:57 IST
2026-09-23,2026-09-22,VOLTAS,SHORT,CONSDUR,11,1098.9,1120.59,1055.53,18,390.36,780.72,2.81,1.52,49.4,1100.8,WEAK,20D BREAKDOWN | VOL 1.5x | RED | WEAK CLOSE | DOWNTREND+ | RS<NIFTY | ATR SWEET | DELIV 49% | WEAK-MKT BIAS,2026-09-22 23:41:57 IST
2026-09-23,2026-09-22,THERMAX,SHORT,CAPGOODS,11,3455.54,3539.14,3288.35,4,334.39,668.77,3.44,1.41,62.9,3472.2,WEAK,20D BREAKDOWN | VOL 1.4x | RED | WEAK CLOSE | DOWNTREND+ | RS<NIFTY | ATR SWEET | DELIV 63% | WEAK-MKT BIAS,2026-09-22 23:41:57 IST
2026-09-23,2026-09-22,SJVN,SHORT,POWER,10,62.79,63.71,60.95,435,399.4,798.8,2.08,1.36,52.1,63.11,WEAK,20D BREAKDOWN | VOL 1.4x | RED | WEAK CLOSE | DOWNTREND+ | ATR SWEET | DELIV 52% | WEAK-MKT BIAS,2026-09-22 23:41:57 IST
2026-09-23,2026-09-22,BANDHANBNK,LONG,FINANCE,12,185.3,181.61,192.66,108,397.82,795.63,2.85,2.2,55.3,184.7,WEAK,20D BREAKOUT | VOL 2.2x | GREEN | STRONG CLOSE | UPTREND+ | RS>NIFTY | ATR SWEET | DELIV 55%,2026-09-22 23:41:57 IST
2026-09-23,2026-09-22,ENGINERSIN,LONG,INFRA,11,305.25,297.6,320.56,52,397.83,795.66,3.61,3.82,20.6,302.55,WEAK,20D BREAKOUT | VOL 3.8x | GREEN | STRONG CLOSE | UPTREND+ | RS>NIFTY | ATR SWEET,2026-09-22 23:41:57 IST
2026-09-23,2026-09-22,IKS,LONG,IT,11,1887.89,1847.61,1968.44,9,362.47,724.95,3.08,3.19,46.5,1869.2,WEAK,20D BREAKOUT | VOL 3.2x | GREEN | STRONG CLOSE | UPTREND | RS>NIFTY | ATR SWEET | DELIV 46%,2026-09-22 23:41:57 IST
2026-09-23,2026-09-22,PFOCUS,LONG,MEDIA,11,362.36,352.27,382.55,39,393.71,787.42,4.03,2.61,12.5,357.45,WEAK,20D BREAKOUT | VOL 2.6x | GREEN | STRONG CLOSE | UPTREND+ | RS>NIFTY | ATR SWEET,2026-09-22 23:41:57 IST
2026-09-23,2026-09-22,RBLBANK,LONG,FINANCE,11,424.82,417.37,439.73,53,395.11,790.23,2.52,2.03,28.6,423.2,WEAK,20D BREAKOUT | VOL 2.0x | GREEN | STRONG CLOSE | UPTREND+ | RS>NIFTY | ATR SWEET,2026-09-22 23:41:57 IST
2026-09-24,2026-09-23,M&M,SHORT,AUTO,9,3017.98,3062.09,2929.76,9,396.97,793.95,2.08,1.81,0.0,3035.0,WEAK,LOW KE PAAS | VOL 1.8x | RED | DOWNTREND+ | RS<NIFTY | ATR SWEET | WEAK-MKT BIAS,2026-09-24 00:00:45 IST
2026-09-24,2026-09-23,PERSISTENT,SHORT,IT,9,5209.83,5314.58,5000.34,3,314.24,628.48,2.86,0.78,0.0,5236.0,WEAK,20D BREAKDOWN | RED | WEAK CLOSE | DOWNTREND+ | RS<NIFTY | ATR SWEET | WEAK-MKT BIAS,2026-09-24 00:00:45 IST
2026-09-24,2026-09-23,ESCORTS,SHORT,CAPGOODS,8,2783.71,2825.92,2699.3,9,379.85,759.69,2.16,113.87,0.0,2797.3,WEAK,VOL 113.9x | RED | WEAK CLOSE | DOWNTREND+ | RS<NIFTY | ATR SWEET | WEAK-MKT BIAS,2026-09-24 00:00:45 IST
2026-09-24,2026-09-23,BRITANNIA,SHORT,FMCG,8,4900.74,4964.67,4772.89,6,383.56,767.11,1.85,4.06,0.0,4937.0,WEAK,LOW KE PAAS | VOL 4.1x | DOWNTREND+ | RS<NIFTY | ATR SWEET | WEAK-MKT BIAS,2026-09-24 00:00:45 IST
2026-09-24,2026-09-23,ENDURANCE,SHORT,AUTO,8,2657.24,2709.76,2552.2,7,367.64,735.28,2.81,1.87,0.0,2671.25,WEAK,VOL 1.9x | RED | WEAK CLOSE | DOWNTREND+ | RS<NIFTY | ATR SWEET | WEAK-MKT BIAS,2026-09-24 00:00:45 IST
2026-09-24,2026-09-23,BANDHANBNK,LONG,FINANCE,11,193.19,189.51,200.56,108,398.0,796.01,2.75,3.45,0.0,191.1,WEAK,20D BREAKOUT | VOL 3.5x | GREEN | STRONG CLOSE | UPTREND+ | RS>NIFTY | ATR SWEET,2026-09-24 00:00:45 IST
2026-09-24,2026-09-23,CARBORUNIV,LONG,CAPGOODS,11,1273.52,1238.82,1342.93,11,381.75,763.49,3.92,2.46,0.0,1263.7,WEAK,20D BREAKOUT | VOL 2.5x | GREEN | STRONG CLOSE | UPTREND+ | RS>NIFTY | ATR SWEET,2026-09-24 00:00:45 IST
2026-09-24,2026-09-23,WOCKPHARMA,LONG,PHARMA,11,2361.96,2296.71,2492.46,6,391.51,783.01,4.0,1.84,0.0,2329.8,WEAK,20D BREAKOUT | VOL 1.8x | GREEN | STRONG CLOSE | UPTREND+ | RS>NIFTY | ATR SWEET,2026-09-24 00:00:45 IST
2026-09-24,2026-09-23,ELECON,LONG,CAPGOODS,10,477.38,466.03,500.07,35,397.06,794.13,3.48,38.28,0.0,466.0,WEAK,20D BREAKOUT | VOL 38.3x | GREEN | STRONG CLOSE | UPTREND | RS>NIFTY | ATR SWEET,2026-09-24 00:00:45 IST
2026-09-24,2026-09-23,WHIRLPOOL,LONG,CONSDUR,10,866.22,844.58,909.48,18,389.43,778.85,3.57,11.76,0.0,865.35,WEAK,20D BREAKOUT | VOL 11.8x | GREEN | STRONG CLOSE | UPTREND | RS>NIFTY | ATR SWEET,2026-09-24 00:00:45 IST
2026-09-25,2026-09-24,BAJAJFINSV,SHORT,FINANCE,11,1760.24,1788.81,1703.1,14,399.99,799.99,2.3,22.76,0.0,1771.0,WEAK,20D BREAKDOWN | VOL 22.8x | RED | WEAK CLOSE | DOWNTREND+ | RS<NIFTY | ATR SWEET | WEAK-MKT BIAS,2026-09-25 00:02:18 IST
2026-09-25,2026-09-24,AUBANK,SHORT,FINANCE,11,999.0,1016.46,964.08,22,384.14,768.27,2.49,3.97,0.0,1000.0,WEAK,20D BREAKDOWN | VOL 4.0x | RED | WEAK CLOSE | DOWNTREND+ | RS<NIFTY | ATR SWEET | WEAK-MKT BIAS,2026-09-25 00:02:18 IST
2026-09-25,2026-09-24,NAUKRI,SHORT,CONSSVC,11,1202.3,1230.07,1146.74,14,388.88,777.77,3.26,2.5,0.0,1216.0,WEAK,20D BREAKDOWN | VOL 2.5x | RED | WEAK CLOSE | DOWNTREND+ | RS<NIFTY | ATR SWEET | WEAK-MKT BIAS,2026-09-25 00:02:18 IST
2026-09-25,2026-09-24,BHARTIARTL,SHORT,TELECOM,10,1789.21,1810.49,1746.64,18,383.09,766.19,1.7,9.76,0.0,1791.0,WEAK,20D BREAKDOWN | VOL 9.8x | RED | WEAK CLOSE | DOWNTREND+ | ATR SWEET | WEAK-MKT BIAS,2026-09-25 00:02:18 IST
2026-09-25,2026-09-24,BAJAJ-AUTO,SHORT,AUTO,10,11192.8,11328.45,10921.49,2,271.31,542.61,1.73,5.89,0.0,11205.0,WEAK,20D BREAKDOWN | VOL 5.9x | RED | WEAK CLOSE | DOWNTREND+ | ATR SWEET | WEAK-MKT BIAS,2026-09-25 00:02:18 IST
2026-09-25,2026-09-24,SUNTV,LONG,MEDIA,11,522.47,510.65,546.12,33,390.2,780.41,3.3,7.44,0.0,512.5,WEAK,20D BREAKOUT | VOL 7.4x | GREEN | STRONG CLOSE | UPTREND+ | RS>NIFTY | ATR SWEET,2026-09-25 00:02:18 IST
2026-09-25,2026-09-24,CARBORUNIV,LONG,CAPGOODS,10,1370.42,1332.56,1446.14,10,378.62,757.24,4.18,6.47,0.0,1295.05,WEAK,20D BREAKOUT | VOL 6.5x | GREEN | UPTREND+ | RS>NIFTY | ATR SWEET,2026-09-25 00:02:18 IST
2026-09-25,2026-09-24,AXISBANK,SHORT,FINANCE,10,1174.37,1190.85,1141.43,24,395.36,790.72,1.98,4.92,0.0,1186.5,WEAK,20D BREAKDOWN | VOL 4.9x | RED | WEAK CLOSE | DOWNTREND+ | ATR SWEET,2026-09-25 00:02:18 IST
2026-09-25,2026-09-24,RELIANCE,SHORT,OILGAS,10,1217.78,1231.35,1190.63,29,393.63,787.25,1.59,2.16,0.0,1219.0,WEAK,20D BREAKDOWN | VOL 2.2x | RED | WEAK CLOSE | DOWNTREND+ | ATR SWEET,2026-09-25 00:02:18 IST
2026-09-25,2026-09-24,INFY,SHORT,IT,10,1004.29,1022.38,968.13,22,397.78,795.57,2.56,1.77,0.0,1009.1,WEAK,20D BREAKDOWN | VOL 1.8x | RED | WEAK CLOSE | DOWNTREND+ | RS<NIFTY | ATR SWEET,2026-09-25 00:02:18 IST
2026-09-28,2026-09-25,TMPV,SHORT,AUTO,12,287.71,293.22,276.7,72,396.58,793.16,2.71,2.6,51.6,290.45,WEAK,20D BREAKDOWN | VOL 2.6x | RED | WEAK CLOSE | DOWNTREND+ | RS<NIFTY | ATR SWEET | DELIV 52% | WEAK-MKT BIAS,2026-09-26 00:17:45 IST
2026-09-28,2026-09-25,FORTIS,SHORT,PHARMA,12,831.17,845.9,801.7,27,397.86,795.72,2.51,2.33,46.1,837.85,WEAK,20D BREAKDOWN | VOL 2.3x | RED | WEAK CLOSE | DOWNTREND+ | RS<NIFTY | ATR SWEET | DELIV 46% | WEAK-MKT BIAS,2026-09-26 00:17:45 IST
2026-09-28,2026-09-25,CHOLAHLDNG,SHORT,FINANCE,11,1386.61,1419.05,1321.73,12,389.3,778.61,3.31,2.08,58.2,1400.6,WEAK,20D BREAKDOWN | VOL 2.1x | RED | WEAK CLOSE | DOWNTREND+ | ATR SWEET | DELIV 58% | WEAK-MKT BIAS,2026-09-26 00:17:45 IST
2026-09-28,2026-09-25,GRAVITA,SHORT,METAL,11,1490.81,1522.66,1427.11,12,382.17,764.35,3.04,1.39,54.6,1495.4,WEAK,20D BREAKDOWN | VOL 1.4x | RED | WEAK CLOSE | DOWNTREND+ | RS<NIFTY | ATR SWEET | DELIV 55% | WEAK-MKT BIAS,2026-09-26 00:17:45 IST
2026-09-28,2026-09-25,TRENT,SHORT,CONSSVC,10,2643.35,2685.94,2558.18,9,383.28,766.55,2.28,1.58,51.5,2669.3,WEAK,20D BREAKDOWN | VOL 1.6x | RED | DOWNTREND+ | RS<NIFTY | ATR SWEET | DELIV 51% | WEAK-MKT BIAS,2026-09-26 00:17:45 IST
2026-09-28,2026-09-25,CASTROLIND,LONG,OILGAS,12,202.3,199.82,207.27,161,399.54,799.07,1.76,5.01,48.7,201.67,WEAK,20D BREAKOUT | VOL 5.0x | GREEN | STRONG CLOSE | UPTREND+ | RS>NIFTY | ATR SWEET | DELIV 49%,2026-09-26 00:17:45 IST
2026-09-28,2026-09-25,ENGINERSIN,LONG,INFRA,11,319.22,310.59,336.47,46,396.75,793.51,3.9,2.5,18.7,315.65,WEAK,20D BREAKOUT | VOL 2.5x | GREEN | STRONG CLOSE | UPTREND+ | RS>NIFTY | ATR SWEET,2026-09-26 00:17:45 IST
2026-09-28,2026-09-25,HBLENGINE,LONG,CAPGOODS,11,812.36,793.53,850.03,21,395.52,791.03,3.34,2.17,27.3,806.0,WEAK,20D BREAKOUT | VOL 2.2x | GREEN | STRONG CLOSE | UPTREND+ | RS>NIFTY | ATR SWEET,2026-09-26 00:17:45 IST
2026-09-28,2026-09-25,ZYDUSLIFE,LONG,PHARMA,11,1209.81,1189.45,1250.52,19,386.74,773.48,2.42,1.58,42.0,1203.9,WEAK,20D BREAKOUT | VOL 1.6x | GREEN | STRONG CLOSE | UPTREND+ | RS>NIFTY | ATR SWEET | DELIV 42%,2026-09-26 00:17:45 IST
2026-09-28,2026-09-25,WHIRLPOOL,LONG,CONSDUR,10,960.96,932.71,1017.47,14,395.56,791.11,4.39,22.84,5.5,918.9,WEAK,20D BREAKOUT | VOL 22.8x | GREEN | UPTREND+ | RS>NIFTY | ATR SWEET,2026-09-26 00:17:45 IST
2026-09-29,2026-09-28,HEXT,SHORT,IT,11,486.01,496.21,465.61,39,397.8,795.6,2.98,7.74,0.0,489.15,WEAK,20D BREAKDOWN | VOL 7.7x | RED | WEAK CLOSE | DOWNTREND+ | RS<NIFTY | ATR SWEET | WEAK-MKT BIAS,2026-09-29 02:09:34 IST
2026-09-29,2026-09-28,BANKINDIA,SHORT,FINANCE,11,129.32,131.41,125.15,191,398.75,797.5,2.29,3.88,0.0,130.45,WEAK,20D BREAKDOWN | VOL 3.9x | RED | WEAK CLOSE | DOWNTREND+ | RS<NIFTY | ATR SWEET | WEAK-MKT BIAS,2026-09-29 02:09:34 IST
2026-09-29,2026-09-28,NMDC,SHORT,METAL,11,77.34,78.64,74.74,307,399.1,798.21,2.4,1.92,0.0,77.42,WEAK,20D BREAKDOWN | VOL 1.9x | RED | WEAK CLOSE | DOWNTREND+ | RS<NIFTY | ATR SWEET | WEAK-MKT BIAS,2026-09-29 02:09:34 IST
2026-09-29,2026-09-28,ASHOKLEY,SHORT,CAPGOODS,10,154.65,157.52,148.89,138,397.17,794.34,2.65,6.36,0.0,155.4,WEAK,LOW KE PAAS | VOL 6.4x | RED | WEAK CLOSE | DOWNTREND+ | RS<NIFTY | ATR SWEET | WEAK-MKT BIAS,2026-09-29 02:09:34 IST
2026-09-29,2026-09-28,TATACONSUM,SHORT,FMCG,10,954.64,967.29,929.35,31,392.08,784.16,1.89,5.88,0.0,958.0,WEAK,20D BREAKDOWN | VOL 5.9x | RED | WEAK CLOSE | DOWNTREND+ | ATR SWEET | WEAK-MKT BIAS,2026-09-29 02:09:34 IST
2026-09-29,2026-09-28,ELECON,LONG,CAPGOODS,11,489.49,477.2,514.07,32,393.33,786.65,3.65,3.42,0.0,480.7,WEAK,20D BREAKOUT | VOL 3.4x | GREEN | STRONG CLOSE | UPTREND+ | RS>NIFTY | ATR SWEET,2026-09-29 02:09:34 IST
2026-09-29,2026-09-28,DRREDDY,LONG,PHARMA,11,1231.03,1215.5,1262.08,25,388.18,776.35,1.81,3.11,0.0,1222.5,WEAK,20D BREAKOUT | VOL 3.1x | GREEN | STRONG CLOSE | UPTREND+ | RS>NIFTY | ATR SWEET,2026-09-29 02:09:34 IST
2026-09-29,2026-09-28,ABREL,SHORT,REALTY,10,1179.47,1209.59,1119.22,13,391.59,783.19,3.61,3.57,0.0,1191.45,WEAK,LOW KE PAAS | VOL 3.6x | RED | WEAK CLOSE | DOWNTREND+ | RS<NIFTY | ATR SWEET,2026-09-29 02:09:34 IST
2026-09-29,2026-09-28,GESHIP,LONG,SERVICES,10,1569.52,1540.36,1627.83,13,379.03,758.06,2.72,3.19,0.0,1532.75,WEAK,20D BREAKOUT | VOL 3.2x | GREEN | UPTREND+ | RS>NIFTY | ATR SWEET,2026-09-29 02:09:34 IST
2026-09-29,2026-09-28,CUMMINSIND,SHORT,CAPGOODS,10,4815.18,4897.79,4649.96,4,330.44,660.88,2.44,3.0,0.0,4840.0,WEAK,20D BREAKDOWN | VOL 3.0x | RED | WEAK CLOSE | DOWNTREND+ | ATR SWEET,2026-09-29 02:09:34 IST
2026-09-30,2026-09-29,PIDILITIND,SHORT,CHEM,11,1468.53,1491.07,1423.45,17,383.19,766.39,2.19,7.5,0.0,1470.0,WEAK,20D BREAKDOWN | VOL 7.5x | RED | WEAK CLOSE | DOWNTREND+ | RS<NIFTY | ATR SWEET | WEAK-MKT BIAS,2026-09-30 01:03:26 IST
2026-09-30,2026-09-29,NCC,SHORT,INFRA,11,126.67,129.79,120.43,128,399.38,798.76,3.48,6.46,0.0,128.25,WEAK,20D BREAKDOWN | VOL 6.5x | RED | WEAK CLOSE | DOWNTREND+ | RS<NIFTY | ATR SWEET | WEAK-MKT BIAS,2026-09-30 01:03:26 IST
2026-09-30,2026-09-29,WIPRO,SHORT,IT,11,156.74,159.08,152.07,171,399.3,798.6,2.12,2.66,0.0,157.0,WEAK,20D BREAKDOWN | VOL 2.7x | RED | WEAK CLOSE | DOWNTREND+ | RS<NIFTY | ATR SWEET | WEAK-MKT BIAS,2026-09-30 01:03:26 IST
2026-09-30,2026-09-29,HDFCAMC,SHORT,FINANCE,11,2248.75,2283.82,2178.61,11,385.77,771.55,2.23,2.12,0.0,2251.0,WEAK,20D BREAKDOWN | VOL 2.1x | RED | WEAK CLOSE | DOWNTREND+ | RS<NIFTY | ATR SWEET | WEAK-MKT BIAS,2026-09-30 01:03:26 IST
2026-09-30,2026-09-29,AMBER,SHORT,CONSDUR,11,6638.35,6761.1,6392.86,3,368.24,736.47,2.64,2.12,0.0,6645.0,WEAK,20D BREAKDOWN | VOL 2.1x | RED | WEAK CLOSE | DOWNTREND+ | RS<NIFTY | ATR SWEET | WEAK-MKT BIAS,2026-09-30 01:03:26 IST
2026-09-30,2026-09-29,SUNTV,LONG,MEDIA,11,559.56,545.76,587.15,28,386.32,772.65,3.56,7.0,0.0,553.85,WEAK,20D BREAKOUT | VOL 7.0x | GREEN | STRONG CLOSE | UPTREND+ | RS>NIFTY | ATR SWEET,2026-09-30 01:03:26 IST
2026-09-30,2026-09-29,KIRLOSENG,LONG,CAPGOODS,11,2441.44,2368.38,2587.57,5,365.32,730.63,4.34,5.86,0.0,2404.3,WEAK,20D BREAKOUT | VOL 5.9x | GREEN | STRONG CLOSE | UPTREND+ | RS>NIFTY | ATR SWEET,2026-09-30 01:03:26 IST
2026-09-30,2026-09-29,DRREDDY,LONG,PHARMA,11,1253.25,1237.39,1284.98,25,396.65,793.3,1.81,4.09,0.0,1250.0,WEAK,20D BREAKOUT | VOL 4.1x | GREEN | STRONG CLOSE | UPTREND+ | RS>NIFTY | ATR SWEET,2026-09-30 01:03:26 IST
2026-09-30,2026-09-29,MANKIND,LONG,PHARMA,11,2559.86,2518.72,2642.13,9,370.21,740.43,2.31,3.63,0.0,2545.0,WEAK,20D BREAKOUT | VOL 3.6x | GREEN | STRONG CLOSE | UPTREND+ | RS>NIFTY | ATR SWEET,2026-09-30 01:03:26 IST
2026-09-30,2026-09-29,360ONE,SHORT,FINANCE,10,1018.73,1040.02,976.16,18,383.16,766.32,2.94,30.5,0.0,1033.0,WEAK,20D BREAKDOWN | VOL 30.5x | RED | DOWNTREND+ | RS<NIFTY | ATR SWEET,2026-09-30 01:03:26 IST
2026-10-01,2026-09-30,LTF,SHORT,FINANCE,11,264.49,271.17,251.11,59,394.49,788.99,3.61,18.63,0.0,264.9,WEAK,20D BREAKDOWN | VOL 18.6x | RED | WEAK CLOSE | DOWNTREND+ | RS<NIFTY | ATR SWEET | WEAK-MKT BIAS,2026-10-01 01:03:18 IST
2026-10-01,2026-09-30,COROMANDEL,SHORT,CHEM,11,1741.56,1777.32,1670.03,11,393.37,786.75,2.91,3.94,0.0,1753.75,WEAK,20D BREAKDOWN | VOL 3.9x | RED | WEAK CLOSE | DOWNTREND+ | RS<NIFTY | ATR SWEET | WEAK-MKT BIAS,2026-10-01 01:03:18 IST
2026-10-01,2026-09-30,APOLLOHOSP,SHORT,PHARMA,10,8054.94,8195.83,7773.15,2,281.79,563.58,2.47,13.75,0.0,8138.5,WEAK,20D BREAKDOWN | VOL 13.7x | RED | WEAK CLOSE | DOWNTREND+ | ATR SWEET | WEAK-MKT BIAS,2026-10-01 01:03:18 IST
2026-10-01,2026-09-30,BHARTIARTL,SHORT,TELECOM,10,1751.55,1771.18,1712.28,20,392.69,785.37,1.6,7.44,0.0,1758.15,WEAK,20D BREAKDOWN | VOL 7.4x | RED | WEAK CLOSE | DOWNTREND+ | ATR SWEET | WEAK-MKT BIAS,2026-10-01 01:03:18 IST
2026-10-01,2026-09-30,COLPAL,SHORT,FMCG,10,1772.23,1796.85,1722.98,16,393.93,787.87,1.98,6.64,0.0,1774.0,WEAK,20D BREAKDOWN | VOL 6.6x | RED | WEAK CLOSE | DOWNTREND+ | ATR SWEET | WEAK-MKT BIAS,2026-10-01 01:03:18 IST
2026-10-01,2026-09-30,ASTERDM,SHORT,PHARMA,10,691.81,708.66,658.1,23,387.63,775.25,3.46,5.42,0.0,695.6,WEAK,20D BREAKDOWN | VOL 5.4x | RED | WEAK CLOSE | DOWNTREND+ | ATR SWEET,2026-10-01 01:03:18 IST
2026-10-01,2026-09-30,TATACONSUM,SHORT,FMCG,10,952.05,965.03,926.09,30,389.36,778.72,1.95,3.64,0.0,953.0,WEAK,20D BREAKDOWN | VOL 3.6x | RED | WEAK CLOSE | DOWNTREND+ | ATR SWEET,2026-10-01 01:03:18 IST
2026-10-01,2026-09-30,ONGC,SHORT,OILGAS,10,223.38,226.42,217.29,131,398.88,797.77,1.93,3.07,0.0,225.0,WEAK,20D BREAKDOWN | VOL 3.1x | RED | WEAK CLOSE | DOWNTREND+ | ATR SWEET,2026-10-01 01:03:18 IST
2026-10-01,2026-09-30,NHPC,SHORT,POWER,10,72.78,73.69,70.95,436,399.11,798.22,1.79,2.73,0.0,72.9,WEAK,20D BREAKDOWN | VOL 2.7x | RED | WEAK CLOSE | DOWNTREND+ | ATR SWEET,2026-10-01 01:03:18 IST
2026-10-01,2026-09-30,OIL,SHORT,OILGAS,10,443.91,453.01,425.7,43,391.51,783.02,2.91,2.39,0.0,447.1,WEAK,20D BREAKDOWN | VOL 2.4x | WEAK CLOSE | DOWNTREND+ | RS<NIFTY | ATR SWEET,2026-10-01 01:03:18 IST
2026-10-02,2026-10-01,GRASIM,SHORT,CEMENT,11,2942.05,2988.42,2849.33,8,370.9,741.8,2.23,4.07,0.0,2971.85,WEAK,20D BREAKDOWN | VOL 4.1x | RED | WEAK CLOSE | DOWNTREND+ | RS<NIFTY | ATR SWEET | WEAK-MKT BIAS,2026-10-02 01:10:18 IST
2026-10-02,2026-10-01,M&M,SHORT,AUTO,11,2809.79,2855.57,2718.22,8,366.28,732.56,2.29,3.58,0.0,2851.05,WEAK,20D BREAKDOWN | VOL 3.6x | RED | WEAK CLOSE | DOWNTREND+ | RS<NIFTY | ATR SWEET | WEAK-MKT BIAS,2026-10-02 01:10:18 IST
2026-10-02,2026-10-01,RELIANCE,SHORT,OILGAS,11,1159.84,1173.35,1132.81,29,391.96,783.91,1.66,3.34,0.0,1166.0,WEAK,20D BREAKDOWN | VOL 3.3x | RED | WEAK CLOSE | DOWNTREND+ | RS<NIFTY | ATR SWEET | WEAK-MKT BIAS,2026-10-02 01:10:18 IST
2026-10-02,2026-10-01,GMDCLTD,SHORT,METAL,11,479.52,490.15,458.26,37,393.32,786.63,3.11,2.33,0.0,487.8,WEAK,20D BREAKDOWN | VOL 2.3x | RED | WEAK CLOSE | DOWNTREND+ | RS<NIFTY | ATR SWEET | WEAK-MKT BIAS,2026-10-02 01:10:18 IST
2026-10-02,2026-10-01,MARUTI,SHORT,AUTO,11,11293.0,11457.84,10963.31,2,329.69,659.38,2.07,2.33,0.0,11400.0,WEAK,20D BREAKDOWN | VOL 2.3x | RED | WEAK CLOSE | DOWNTREND+ | RS<NIFTY | ATR SWEET | WEAK-MKT BIAS,2026-10-02 01:10:18 IST
2026-10-02,2026-10-01,SCHNEIDER,LONG,CAPGOODS,11,1291.49,1256.32,1361.84,11,386.91,773.83,3.94,3.83,0.0,1275.65,WEAK,20D BREAKOUT | VOL 3.8x | GREEN | STRONG CLOSE | UPTREND+ | RS>NIFTY | ATR SWEET,2026-10-02 01:10:18 IST
2026-10-02,2026-10-01,PGEL,SHORT,CONSDUR,11,475.57,485.96,454.81,38,394.6,789.2,3.08,2.29,0.0,481.65,WEAK,20D BREAKDOWN | VOL 2.3x | RED | WEAK CLOSE | DOWNTREND+ | RS<NIFTY | ATR SWEET,2026-10-02 01:10:18 IST
2026-10-02,2026-10-01,CROMPTON,SHORT,CONSDUR,11,200.9,204.92,192.86,99,397.91,795.82,2.84,2.08,0.0,202.1,WEAK,20D BREAKDOWN | VOL 2.1x | RED | WEAK CLOSE | DOWNTREND+ | RS<NIFTY | ATR SWEET,2026-10-02 01:10:18 IST
2026-10-02,2026-10-01,NMDC,SHORT,METAL,10,73.63,74.97,70.94,297,399.61,799.23,2.56,3.85,0.0,75.0,WEAK,20D BREAKDOWN | VOL 3.9x | RED | DOWNTREND+ | RS<NIFTY | ATR SWEET,2026-10-02 01:10:18 IST
2026-10-02,2026-10-01,BHARTIHEXA,SHORT,TELECOM,10,1364.08,1393.56,1305.13,13,383.22,766.44,3.05,3.72,0.0,1380.0,WEAK,20D BREAKDOWN | VOL 3.7x | RED | DOWNTREND+ | RS<NIFTY | ATR SWEET,2026-10-02 01:10:18 IST
2026-10-05,2026-10-02,ZFCVINDIA,SHORT,AUTO,10,2227.77,2273.57,2136.17,8,366.4,732.79,2.92,1.49,64.6,2241.0,WEAK,LOW KE PAAS | VOL 1.5x | RED | WEAK CLOSE | DOWNTREND+ | RS<NIFTY | ATR SWEET | DELIV 65% | WEAK-MKT BIAS,2026-10-03 00:56:26 IST
2026-10-05,2026-10-02,PIDILITIND,SHORT,CHEM,10,1455.34,1478.36,1409.32,17,391.21,782.42,2.25,1.39,60.8,1464.0,WEAK,LOW KE PAAS | VOL 1.4x | RED | WEAK CLOSE | DOWNTREND+ | RS<NIFTY | ATR SWEET | DELIV 61% | WEAK-MKT BIAS,2026-10-03 00:56:26 IST
2026-10-05,2026-10-02,MARUTI,SHORT,AUTO,9,11293.69,11477.14,10926.8,2,366.9,733.79,2.3,2.18,46.0,11386.0,WEAK,VOL 2.2x | RED | WEAK CLOSE | DOWNTREND+ | RS<NIFTY | ATR SWEET | DELIV 46% | WEAK-MKT BIAS,2026-10-03 00:56:26 IST
2026-10-05,2026-10-02,EICHERMOT,SHORT,AUTO,9,6833.16,6934.63,6630.23,3,304.4,608.79,2.09,2.1,49.2,6920.0,WEAK,VOL 2.1x | RED | WEAK CLOSE | DOWNTREND+ | RS<NIFTY | ATR SWEET | DELIV 49% | WEAK-MKT BIAS,2026-10-03 00:56:26 IST
2026-10-05,2026-10-02,RADICO,SHORT,FMCG,9,4230.57,4314.05,4063.59,4,333.95,667.9,2.81,1.77,56.1,4237.0,WEAK,LOW KE PAAS | VOL 1.8x | RED | WEAK CLOSE | DOWNTREND+ | ATR SWEET | DELIV 56% | WEAK-MKT BIAS,2026-10-03 00:56:26 IST
2026-10-05,2026-10-02,IOC,SHORT,OILGAS,9,131.07,132.95,127.31,212,398.88,797.75,2.05,1.53,51.6,131.34,WEAK,LOW KE PAAS | VOL 1.5x | RED | WEAK CLOSE | DOWNTREND+ | ATR SWEET | DELIV 52%,2026-10-03 00:56:26 IST
2026-10-05,2026-10-02,ITC,SHORT,FMCG,9,254.4,257.94,247.31,112,396.85,793.71,1.98,1.47,60.2,255.9,WEAK,LOW KE PAAS | VOL 1.5x | RED | WEAK CLOSE | DOWNTREND+ | ATR SWEET | DELIV 60%,2026-10-03 00:56:26 IST
2026-10-05,2026-10-02,SUNPHARMA,SHORT,PHARMA,9,1790.81,1813.19,1746.05,17,380.47,760.93,1.78,1.45,64.0,1801.0,WEAK,LOW KE PAAS | VOL 1.4x | RED | WEAK CLOSE | DOWNTREND+ | ATR SWEET | DELIV 64%,2026-10-03 00:56:26 IST
2026-10-05,2026-10-02,EIDPARRY,SHORT,FMCG,9,671.63,685.53,643.83,28,389.19,778.37,2.94,1.06,48.0,674.55,WEAK,LOW KE PAAS | RED | WEAK CLOSE | DOWNTREND+ | RS<NIFTY | ATR SWEET | DELIV 48%,2026-10-03 00:56:26 IST
2026-10-05,2026-10-02,SCHNEIDER,LONG,CAPGOODS,8,1295.59,1258.99,1368.8,10,366.02,732.03,4.1,5.18,19.2,1275.4,WEAK,VOL 5.2x | GREEN | STRONG CLOSE | UPTREND+ | RS>NIFTY | ATR SWEET,2026-10-03 00:56:26 IST
2026-10-06,2026-10-05,UPL,SHORT,CHEM,11,496.3,505.19,478.53,45,399.81,799.61,2.53,5.18,0.0,501.8,WEAK,20D BREAKDOWN | VOL 5.2x | RED | WEAK CLOSE | DOWNTREND+ | RS<NIFTY | ATR SWEET | WEAK-MKT BIAS,2026-10-06 03:04:01 IST
2026-10-06,2026-10-05,VAML,SHORT,METAL,11,391.11,403.15,367.03,33,397.26,794.52,4.34,2.8,0.0,396.6,WEAK,20D BREAKDOWN | VOL 2.8x | RED | WEAK CLOSE | DOWNTREND+ | RS<NIFTY | ATR SWEET | WEAK-MKT BIAS,2026-10-06 03:04:01 IST
2026-10-06,2026-10-05,ZFCVINDIA,SHORT,AUTO,11,2189.16,2231.37,2104.74,9,379.88,759.77,2.74,1.93,0.0,2203.15,WEAK,20D BREAKDOWN | VOL 1.9x | RED | WEAK CLOSE | DOWNTREND+ | RS<NIFTY | ATR SWEET | WEAK-MKT BIAS,2026-10-06 03:04:01 IST
2026-10-06,2026-10-05,DMART,SHORT,CONSSVC,10,3546.45,3608.04,3423.26,6,369.56,739.12,2.46,5.16,0.0,3572.95,WEAK,20D BREAKDOWN | VOL 5.2x | RED | WEAK CLOSE | DOWNTREND+ | ATR SWEET | WEAK-MKT BIAS,2026-10-06 03:04:01 IST
2026-10-06,2026-10-05,MFSL,SHORT,FINANCE,10,1342.91,1380.71,1267.3,10,378.0,756.01,4.01,4.71,0.0,1347.0,WEAK,LOW KE PAAS | VOL 4.7x | RED | WEAK CLOSE | DOWNTREND+ | RS<NIFTY | ATR SWEET | WEAK-MKT BIAS,2026-10-06 03:04:01 IST
2026-10-06,2026-10-05,LGEINDIA,LONG,CONSDUR,10,1826.82,1793.64,1893.19,12,398.2,796.39,2.68,3.01,0.0,1768.5,WEAK,20D BREAKOUT | VOL 3.0x | GREEN | UPTREND+ | RS>NIFTY | ATR SWEET,2026-10-06 03:04:01 IST
2026-10-06,2026-10-05,NESTLEIND,SHORT,FMCG,10,1292.36,1312.57,1251.93,19,384.0,768.01,2.22,1.84,0.0,1298.3,WEAK,LOW KE PAAS | VOL 1.8x | RED | WEAK CLOSE | DOWNTREND+ | RS<NIFTY | ATR SWEET,2026-10-06 03:04:01 IST
2026-10-06,2026-10-05,ASIANPAINT,SHORT,CONSDUR,9,2333.66,2365.4,2270.19,12,380.82,761.65,1.91,21.96,0.0,2371.85,WEAK,20D BREAKDOWN | VOL 22.0x | RED | DOWNTREND+ | ATR SWEET,2026-10-06 03:04:01 IST
2026-10-06,2026-10-05,POLYMED,SHORT,PHARMA,9,1593.85,1632.27,1517.02,10,384.17,768.34,3.39,6.27,0.0,1617.4,WEAK,LOW KE PAAS | VOL 6.3x | RED | DOWNTREND+ | RS<NIFTY | ATR SWEET,2026-10-06 03:04:01 IST
2026-10-06,2026-10-05,CYIENT,LONG,IT,9,1174.72,1142.95,1238.26,12,381.24,762.47,3.98,5.37,0.0,1139.95,WEAK,20D BREAKOUT | VOL 5.4x | GREEN | UPTREND | RS>NIFTY | ATR SWEET,2026-10-06 03:04:01 IST
2026-10-07,2026-10-06,MEDANTA,SHORT,PHARMA,11,1281.32,1316.7,1210.56,11,389.19,778.38,3.89,3.74,0.0,1300.15,WEAK,20D BREAKDOWN | VOL 3.7x | RED | WEAK CLOSE | DOWNTREND+ | RS<NIFTY | ATR SWEET | WEAK-MKT BIAS,2026-10-07 01:11:01 IST
2026-10-07,2026-10-06,KIMS,SHORT,PHARMA,10,690.51,707.67,656.18,23,394.79,789.59,3.54,1.67,0.0,693.4,WEAK,20D BREAKDOWN | VOL 1.7x | RED | WEAK CLOSE | DOWNTREND+ | RS<NIFTY | ATR SWEET | WEAK-MKT BIAS,2026-10-07 01:11:01 IST
2026-10-07,2026-10-06,APOLLOHOSP,SHORT,PHARMA,9,7795.35,7940.48,7505.09,2,290.26,580.52,2.62,4.19,0.0,7910.0,WEAK,LOW KE PAAS | VOL 4.2x | RED | DOWNTREND+ | RS<NIFTY | ATR SWEET | WEAK-MKT BIAS,2026-10-07 01:11:01 IST
2026-10-07,2026-10-06,ZFCVINDIA,SHORT,AUTO,9,2166.73,2207.73,2084.73,9,368.99,737.99,2.68,1.79,0.0,2185.1,WEAK,20D BREAKDOWN | VOL 1.8x | RED | DOWNTREND+ | RS<NIFTY | ATR SWEET | WEAK-MKT BIAS,2026-10-07 01:11:01 IST
2026-10-07,2026-10-06,JINDALSTEL,SHORT,METAL,8,1033.96,1056.0,989.89,18,396.66,793.31,2.9,4.76,0.0,1085.0,WEAK,LOW KE PAAS | VOL 4.8x | RED | DOWNTREND+ | ATR SWEET | WEAK-MKT BIAS,2026-10-07 01:11:01 IST
2026-10-07,2026-10-06,AETHER,LONG,CHEM,11,1814.81,1767.76,1908.92,8,376.41,752.82,3.73,2.42,0.0,1800.0,WEAK,20D BREAKOUT | VOL 2.4x | GREEN | STRONG CLOSE | UPTREND+ | RS>NIFTY | ATR SWEET,2026-10-07 01:11:01 IST
2026-10-07,2026-10-06,PETRONET,LONG,OILGAS,10,298.2,293.49,307.62,84,395.74,791.48,2.27,5.38,0.0,297.1,WEAK,20D BREAKOUT | VOL 5.4x | GREEN | STRONG CLOSE | UPTREND | RS>NIFTY | ATR SWEET,2026-10-07 01:11:01 IST
2026-10-07,2026-10-06,BHEL,LONG,CAPGOODS,10,454.25,445.36,472.04,44,391.34,782.68,2.81,4.96,0.0,451.5,WEAK,20D BREAKOUT | VOL 5.0x | GREEN | STRONG CLOSE | UPTREND | RS>NIFTY | ATR SWEET,2026-10-07 01:11:01 IST
2026-10-07,2026-10-06,TRENT,LONG,CONSSVC,10,2917.46,2862.83,3026.73,7,382.44,764.87,2.69,4.84,0.0,2904.0,WEAK,20D BREAKOUT | VOL 4.8x | GREEN | STRONG CLOSE | UPTREND | RS>NIFTY | ATR SWEET,2026-10-07 01:11:01 IST
2026-10-07,2026-10-06,MOTILALOFS,LONG,FINANCE,10,1086.49,1063.08,1133.3,17,397.9,795.81,3.11,2.18,0.0,1075.1,WEAK,20D BREAKOUT | VOL 2.2x | GREEN | STRONG CLOSE | UPTREND | RS>NIFTY | ATR SWEET,2026-10-07 01:11:01 IST
2026-10-08,2026-10-07,SBICARD,SHORT,FINANCE,11,555.44,567.17,531.99,34,398.76,797.52,3.01,8.28,0.0,557.0,WEAK,20D BREAKDOWN | VOL 8.3x | RED | WEAK CLOSE | DOWNTREND+ | RS<NIFTY | ATR SWEET | WEAK-MKT BIAS,2026-10-08 01:33:34 IST
2026-10-08,2026-10-07,GRASIM,SHORT,CEMENT,11,2904.29,2948.24,2816.41,9,395.49,790.98,2.15,4.68,0.0,2915.9,WEAK,20D BREAKDOWN | VOL 4.7x | RED | WEAK CLOSE | DOWNTREND+ | RS<NIFTY | ATR SWEET | WEAK-MKT BIAS,2026-10-08 01:33:34 IST
2026-10-08,2026-10-07,KEC,SHORT,INFRA,11,361.64,369.63,345.65,50,399.68,799.36,3.15,2.05,0.0,362.35,WEAK,20D BREAKDOWN | VOL 2.0x | RED | WEAK CLOSE | DOWNTREND+ | RS<NIFTY | ATR SWEET | WEAK-MKT BIAS,2026-10-08 01:33:34 IST
2026-10-08,2026-10-07,TITAN,SHORT,CONSDUR,10,4330.57,4400.22,4191.26,5,348.27,696.53,2.27,4.74,0.0,4380.0,WEAK,20D BREAKDOWN | VOL 4.7x | RED | DOWNTREND+ | RS<NIFTY | ATR SWEET | WEAK-MKT BIAS,2026-10-08 01:33:34 IST
2026-10-08,2026-10-07,TENNIND,SHORT,AUTO,10,478.87,489.17,458.28,38,391.23,782.47,3.06,2.1,0.0,480.5,WEAK,20D BREAKDOWN | VOL 2.1x | RED | WEAK CLOSE | DOWNTREND+ | ATR SWEET | WEAK-MKT BIAS,2026-10-08 01:33:34 IST
2026-10-08,2026-10-07,LEMONTREE,LONG,CONSSVC,11,113.61,111.73,117.39,212,399.8,799.6,2.4,2.84,0.0,112.45,WEAK,20D BREAKOUT | VOL 2.8x | GREEN | STRONG CLOSE | UPTREND+ | RS>NIFTY | ATR SWEET,2026-10-08 01:33:34 IST
2026-10-08,2026-10-07,BBOX,LONG,IT,11,893.34,863.97,952.09,13,381.84,763.69,4.74,2.63,0.0,884.9,WEAK,20D BREAKOUT | VOL 2.6x | GREEN | STRONG CLOSE | UPTREND+ | RS>NIFTY | ATR SWEET,2026-10-08 01:33:34 IST
2026-10-08,2026-10-07,GLAND,LONG,PHARMA,11,3174.17,3108.29,3305.94,6,395.3,790.6,2.99,2.6,0.0,3151.95,WEAK,20D BREAKOUT | VOL 2.6x | GREEN | STRONG CLOSE | UPTREND+ | RS>NIFTY | ATR SWEET,2026-10-08 01:33:34 IST
2026-10-08,2026-10-07,ADANIGREEN,LONG,POWER,10,1380.13,1352.56,1435.27,14,385.96,771.92,2.94,4.13,0.0,1341.0,WEAK,20D BREAKOUT | VOL 4.1x | GREEN | UPTREND+ | RS>NIFTY | ATR SWEET,2026-10-08 01:33:34 IST
2026-10-08,2026-10-07,TATAPOWER,SHORT,POWER,9,340.76,346.11,330.05,74,396.29,792.57,2.22,2.32,0.0,345.0,WEAK,20D BREAKDOWN | VOL 2.3x | RED | DOWNTREND+ | ATR SWEET,2026-10-08 01:33:34 IST
2026-10-09,2026-10-08,JINDALSTEL,SHORT,METAL,11,1001.0,1024.89,953.21,16,382.34,764.68,3.38,25.04,0.0,1010.0,WEAK,20D BREAKDOWN | VOL 25.0x | RED | WEAK CLOSE | DOWNTREND+ | RS<NIFTY | ATR SWEET | WEAK-MKT BIAS,2026-10-09 01:31:57 IST
2026-10-09,2026-10-08,AFFLE,SHORT,IT,11,1388.61,1420.57,1324.68,12,383.55,767.1,3.26,12.89,0.0,1401.7,WEAK,20D BREAKDOWN | VOL 12.9x | RED | WEAK CLOSE | DOWNTREND+ | RS<NIFTY | ATR SWEET | WEAK-MKT BIAS,2026-10-09 01:31:57 IST
2026-10-09,2026-10-08,CRAFTSMAN,SHORT,AUTO,11,9990.0,10240.58,9488.84,1,250.58,501.16,3.56,7.98,0.0,10049.2,WEAK,20D BREAKDOWN | VOL 8.0x | RED | WEAK CLOSE | DOWNTREND+ | RS<NIFTY | ATR SWEET | WEAK-MKT BIAS,2026-10-09 01:31:57 IST
2026-10-09,2026-10-08,MUTHOOTFIN,SHORT,FINANCE,11,2557.44,2603.19,2465.94,8,365.98,731.97,2.55,7.44,0.0,2561.0,WEAK,20D BREAKDOWN | VOL 7.4x | RED | WEAK CLOSE | DOWNTREND+ | RS<NIFTY | ATR SWEET | WEAK-MKT BIAS,2026-10-09 01:31:57 IST
2026-10-09,2026-10-08,NMDC,SHORT,METAL,11,70.08,71.44,67.36,294,399.62,799.25,2.74,4.66,0.0,70.8,WEAK,20D BREAKDOWN | VOL 4.7x | RED | WEAK CLOSE | DOWNTREND+ | RS<NIFTY | ATR SWEET | WEAK-MKT BIAS,2026-10-09 01:31:57 IST
2026-10-09,2026-10-08,APTUS,SHORT,FINANCE,11,215.73,220.7,205.81,80,397.1,794.19,3.27,3.27,0.0,216.9,WEAK,20D BREAKDOWN | VOL 3.3x | RED | WEAK CLOSE | DOWNTREND+ | RS<NIFTY | ATR SWEET,2026-10-09 01:31:57 IST
2026-10-09,2026-10-08,NCC,SHORT,INFRA,11,119.08,122.08,113.08,133,398.92,797.84,3.57,2.82,0.0,119.95,WEAK,20D BREAKDOWN | VOL 2.8x | RED | WEAK CLOSE | DOWNTREND+ | RS<NIFTY | ATR SWEET,2026-10-09 01:31:57 IST
2026-10-09,2026-10-08,GODFRYPHLP,SHORT,FMCG,11,1768.23,1803.6,1697.49,11,389.05,778.1,2.85,2.46,0.0,1774.0,WEAK,20D BREAKDOWN | VOL 2.5x | RED | WEAK CLOSE | DOWNTREND+ | RS<NIFTY | ATR SWEET,2026-10-09 01:31:57 IST
2026-10-09,2026-10-08,MAXHEALTH,SHORT,PHARMA,11,869.43,889.44,829.41,19,380.23,760.47,3.26,2.42,0.0,876.3,WEAK,20D BREAKDOWN | VOL 2.4x | RED | WEAK CLOSE | DOWNTREND+ | RS<NIFTY | ATR SWEET,2026-10-09 01:31:57 IST
2026-10-09,2026-10-08,AMBUJACEM,SHORT,CEMENT,11,341.66,348.07,328.83,62,397.58,795.15,2.68,2.38,0.0,342.0,WEAK,20D BREAKDOWN | VOL 2.4x | RED | WEAK CLOSE | DOWNTREND+ | RS<NIFTY | ATR SWEET,2026-10-09 01:31:57 IST
